[
  {
    "id": "d96d0035-235d-499b-9cec-6d011de18e3c",
    "data": [
      {
        "text": "Create task please @sys.any:text",
        "userDefined": false
      }
    ],
    "isTemplate": false,
    "count": 0,
    "updated": 1524917186
  },
  {
    "id": "63bd1e47-51f5-46b7-8831-ad5f4fd0f560",
    "data": [
      {
        "text": "New task @sys.any:text",
        "userDefined": false
      }
    ],
    "isTemplate": true,
    "count": 0,
    "updated": 1524917186
  },
  {
    "id": "92b1bb84-5d86-4931-a3d2-f4951b7c3687",
    "data": [
      {
        "text": "Create task @sys.any:text",
        "userDefined": false
      }
    ],
    "isTemplate": true,
    "count": 0,
    "updated": 1524917186
  }
]